,count,mean,std,min,25%,50%,75%,max
altitude,419878.0,448.00563830445986,3.988567817521283,291.2,446.0,448.5,450.6,482.8
accuracy,419878.0,1.0810830904256286,0.19981645133773357,0.8999999761581421,1.0,1.100000023841858,1.100000023841858,11.800000190734863
speed,419878.0,0.001882403102705726,0.03766364133491062,0.0,0.0,0.0,0.0,5.5111308097839355
bearing,419878.0,187.11643192426314,103.51301413122032,0.0,105.0999984741211,174.3300018310547,285.1300048828125,359.9200134277344
timestamp,419878.0,0.523022566310267,0.11717510724981968,0.3335300925925926,0.4161574074074074,0.4967824074074074,0.6313888888888889,0.7153935185185185
diferencalatitudeMetros,419878.0,2.542600231495815,5.414513181506534,-87.88,0.51,2.11,4.7,78.2
diferencalongitudeMetros,419878.0,0.10212252130380718,6.71782354229012,-124.37,-1.21,-0.1,1.23,134.16
constellationType1-svid,419878.0,12.970767699188812,7.673517507801592,1.0,8.0,11.0,19.0,32.0
constellationType1-svid21-azimuthDegrees,215136.0,64.7661107392533,88.58467291394062,5.0,9.0,11.0,198.0,358.0
constellationType1-svid21-elevationDegrees,215136.0,51.67571210769002,25.387693183225952,3.0,29.0,57.0,73.0,90.0
constellationType1-svid21-cn0DbHz,215136.0,40.716586731169244,4.120769407118481,0.0,38.900001525878906,41.0,42.900001525878906,50.70000076293945
constellationType1-svid21-basebandCn0DbHz,215136.0,37.22084914852462,4.080261866630673,0.0,35.400001525878906,37.5,39.400001525878906,47.20000076293945
constellationType1-svid21-carrierFrequencyHz,215136.0,1575420032.0,0.0,1575420032.0,1575420032.0,1575420032.0,1575420032.0,1575420032.0
constellationType1-svid8-azimuthDegrees,316488.0,199.8003715780693,116.74421176296048,0.0,99.0,134.0,334.0,359.0
constellationType1-svid8-elevationDegrees,316488.0,14.883091933975379,12.128546708248761,0.0,7.0,12.0,17.0,50.0
constellationType1-svid8-cn0DbHz,316488.0,36.18169471920508,7.349379007245717,0.0,32.29999923706055,36.79999923706055,41.5,51.099998474121094
constellationType1-svid8-basebandCn0DbHz,316488.0,32.719383346640015,7.170535276349457,0.0,28.799999237060547,33.29999923706055,38.0,47.599998474121094
constellationType1-svid8-carrierFrequencyHz,316488.0,1575420032.0,0.0,1575420032.0,1575420032.0,1575420032.0,1575420032.0,1575420032.0
constellationType1-svid2-azimuthDegrees,215136.0,231.74591886062768,125.69174739967632,0.0,210.0,226.0,351.0,359.0
constellationType1-svid2-elevationDegrees,215136.0,55.48334077048936,18.99546097260161,15.0,42.0,57.0,72.0,83.0
constellationType1-svid2-cn0DbHz,215136.0,40.335558896429674,4.066708655270728,0.0,38.599998474121094,40.900001525878906,42.900001525878906,49.5
constellationType1-svid2-basebandCn0DbHz,215136.0,36.842261630652224,4.002600939303416,0.0,35.099998474121094,37.400001525878906,39.400001525878906,46.0
constellationType1-svid2-carrierFrequencyHz,215136.0,1575420032.0,0.0,1575420032.0,1575420032.0,1575420032.0,1575420032.0,1575420032.0
constellationType1-svid32-azimuthDegrees,81096.0,138.65029101312024,2.9523336805931533,0.0,137.0,140.0,141.0,141.0
constellationType1-svid32-elevationDegrees,81096.0,16.78743711157147,9.886531683851253,0.0,8.0,16.0,25.0,36.0
constellationType1-svid32-cn0DbHz,81096.0,37.52121435338792,8.004067791279944,0.0,33.79999923706055,39.099998474121094,43.0,49.900001525878906
constellationType1-svid32-basebandCn0DbHz,81096.0,34.0740406362218,7.764209136922039,0.0,30.299999237060547,35.599998474121094,39.5,46.400001525878906
constellationType1-svid32-carrierFrequencyHz,81096.0,1575420032.0,0.0,1575420032.0,1575420032.0,1575420032.0,1575420032.0,1575420032.0
constellationType1-svid28-azimuthDegrees,161666.0,119.15963777170215,21.07775186877909,0.0,102.0,125.0,139.0,143.0
constellationType1-svid28-elevationDegrees,161666.0,25.38765108309725,11.21368461231608,0.0,16.0,30.0,35.0,37.0
constellationType1-svid28-cn0DbHz,161666.0,40.22678114462888,6.706606101267264,0.0,36.70000076293945,41.599998474121094,45.400001525878906,50.5
constellationType1-svid28-basebandCn0DbHz,161666.0,36.73899150035407,6.63617207822071,0.0,33.20000076293945,38.099998474121094,41.900001525878906,47.0
constellationType1-svid28-carrierFrequencyHz,161666.0,1575420032.0,0.0,1575420032.0,1575420032.0,1575420032.0,1575420032.0,1575420032.0
constellationType1-svid27-azimuthDegrees,73518.0,154.94148371827308,174.43420849205634,0.0,3.0,8.0,356.0,359.0
constellationType1-svid27-elevationDegrees,73518.0,15.300661062596914,9.203334403645878,0.0,7.0,15.0,23.0,33.0
constellationType1-svid27-cn0DbHz,73518.0,38.40794635204947,7.476769397255647,0.0,35.599998474121094,39.599998474121094,43.29999923706055,49.099998474121094
constellationType1-svid27-basebandCn0DbHz,73518.0,34.960504903637414,7.214283627174458,0.0,32.099998474121094,36.099998474121094,39.79999923706055,45.599998474121094
constellationType1-svid27-carrierFrequencyHz,73518.0,1575420032.0,0.0,1575420032.0,1575420032.0,1575420032.0,1575420032.0,1575420032.0
constellationType1-svid31-azimuthDegrees,215136.0,103.09894206455452,33.769444923081885,41.0,71.0,112.0,136.0,141.0
constellationType1-svid31-elevationDegrees,215136.0,34.807628662799345,11.783759187662934,5.0,28.0,38.0,45.0,48.0
constellationType1-svid31-cn0DbHz,215136.0,42.84100196304978,6.017732339301351,0.0,39.5,44.099998474121094,47.79999923706055,51.0
constellationType1-svid31-basebandCn0DbHz,215136.0,39.34575244575566,5.985204581388612,0.0,36.0,40.599998474121094,44.29999923706055,47.5
constellationType1-svid31-carrierFrequencyHz,215136.0,1575420032.0,0.0,1575420032.0,1575420032.0,1575420032.0,1575420032.0,1575420032.0
constellationType1-svid3-azimuthDegrees,296126.0,147.49312792527505,80.43043161732285,0.0,39.0,171.0,218.0,257.0
constellationType1-svid3-elevationDegrees,296126.0,38.84946272870332,17.840877394442497,0.0,26.0,37.0,55.0,65.0
constellationType1-svid3-cn0DbHz,296126.0,41.35373658120677,5.261070210221853,0.0,39.0,42.29999923706055,44.5,50.70000076293945
constellationType1-svid3-basebandCn0DbHz,296126.0,37.867636066588595,5.155358328420096,0.0,35.5,38.79999923706055,41.0,47.20000076293945
constellationType1-svid3-carrierFrequencyHz,296126.0,1575420032.0,0.0,1575420032.0,1575420032.0,1575420032.0,1575420032.0,1575420032.0
constellationType1-svid4-azimuthDegrees,359846.0,188.29123013733653,93.14481871196094,0.0,93.0,194.0,281.0,323.0
constellationType1-svid4-elevationDegrees,359846.0,36.21904370202809,17.563396425195638,0.0,22.0,35.0,54.0,59.0
constellationType1-svid4-cn0DbHz,359846.0,38.31289829480098,7.251271816358279,0.0,34.5,39.400001525878906,43.400001525878906,51.29999923706055
constellationType1-svid4-basebandCn0DbHz,359846.0,34.84762148010819,7.0739359244646876,0.0,31.0,35.900001525878906,39.900001525878906,47.79999923706055
constellationType1-svid4-carrierFrequencyHz,359846.0,1575420032.0,0.0,1575420032.0,1575420032.0,1575420032.0,1575420032.0,1575420032.0
constellationType1-svid10-azimuthDegrees,65280.0,104.9734375,8.120826500183288,0.0,98.0,105.0,112.0,120.0
constellationType1-svid10-elevationDegrees,65280.0,7.65438112745098,4.299656980959878,0.0,4.0,8.0,11.0,16.0
constellationType1-svid10-cn0DbHz,65280.0,40.85589766438101,5.855190547983183,0.0,38.29999923706055,42.0,44.70000076293945,51.099998474121094
constellationType1-svid10-basebandCn0DbHz,65280.0,37.3637254812846,5.802668176901776,0.0,34.79999923706055,38.5,41.20000076293945,47.599998474121094
constellationType1-svid10-carrierFrequencyHz,65280.0,1575420032.0,0.0,1575420032.0,1575420032.0,1575420032.0,1575420032.0,1575420032.0
constellationType2-svid,419476.0,131.97739084000037,5.425357282087659,120.0,131.0,136.0,136.0,138.0
constellationType2-svid125-azimuthDegrees,1434.0,56.0,0.0,56.0,56.0,56.0,56.0,56.0
constellationType2-svid125-elevationDegrees,1434.0,43.0,0.0,43.0,43.0,43.0,43.0,43.0
constellationType2-svid125-cn0DbHz,1434.0,0.0,0.0,0.0,0.0,0.0,0.0,0.0
constellationType2-svid125-basebandCn0DbHz,1434.0,0.0,0.0,0.0,0.0,0.0,0.0,0.0
constellationType2-svid125-carrierFrequencyHz,1434.0,1575420032.0,0.0,1575420032.0,1575420032.0,1575420032.0,1575420032.0,1575420032.0
constellationType3-svid,419878.0,13.122821390975474,6.861617045435777,1.0,8.0,12.0,20.0,24.0
constellationType3-svid19-azimuthDegrees,102530.0,24.306661464937093,21.801172603849135,0.0,8.0,20.0,30.0,116.0
constellationType3-svid19-elevationDegrees,102530.0,35.06119184628889,25.255444386854197,0.0,14.0,27.0,58.0,80.0
constellationType3-svid19-cn0DbHz,102530.0,29.36086413369439,6.892004651690126,0.0,26.5,29.5,34.0,43.20000076293945
constellationType3-svid19-basebandCn0DbHz,102530.0,25.9579479149815,6.490694594764966,0.0,23.0,26.0,30.5,39.70000076293945
constellationType3-svid19-carrierFrequencyHz,102530.0,1602000000.0,0.0,1602000000.0,1602000000.0,1602000000.0,1602000000.0,1602000000.0
constellationType3-svid5-azimuthDegrees,175080.0,165.82483436143477,43.32428560229295,0.0,135.0,157.0,189.0,275.0
constellationType3-svid5-elevationDegrees,175080.0,31.445270733379026,15.810892596564274,0.0,20.0,31.0,45.0,55.0
constellationType3-svid5-cn0DbHz,175080.0,39.7651016650201,6.564827153406872,0.0,38.099998474121094,41.29999923706055,43.400001525878906,54.0
constellationType3-svid5-basebandCn0DbHz,175080.0,36.30656270704124,6.320041675400685,0.0,34.599998474121094,37.79999923706055,39.900001525878906,50.5
constellationType3-svid5-carrierFrequencyHz,175080.0,1602000000.0,0.0,1602000000.0,1602000000.0,1602000000.0,1602000000.0,1602000000.0
constellationType3-svid4-azimuthDegrees,76634.0,146.70068115979853,17.597633984027734,0.0,133.0,145.0,161.0,178.0
constellationType3-svid4-elevationDegrees,76634.0,20.873894094005273,15.029648215450814,0.0,7.0,19.0,33.0,51.0
constellationType3-svid4-cn0DbHz,76634.0,38.78944333259138,6.246196745980024,0.0,36.5,40.599998474121094,42.79999923706055,48.20000076293945
constellationType3-svid4-basebandCn0DbHz,76634.0,35.30241407490531,6.168787135262968,0.0,33.0,37.099998474121094,39.29999923706055,44.70000076293945
constellationType3-svid4-carrierFrequencyHz,76634.0,1602000000.0,0.0,1602000000.0,1602000000.0,1602000000.0,1602000000.0,1602000000.0
constellationType3-svid18-azimuthDegrees,38982.0,25.919090862449334,5.81425551015154,0.0,21.0,25.0,30.0,39.0
constellationType3-svid18-elevationDegrees,38982.0,20.51736698989277,11.852225553541338,0.0,10.0,21.0,31.0,41.0
constellationType3-svid18-cn0DbHz,38982.0,42.33781745438578,6.821454888803534,0.0,40.29999923706055,44.0,46.099998474121094,50.5
constellationType3-svid18-basebandCn0DbHz,38982.0,38.873013184330034,6.608623072859829,0.0,36.79999923706055,40.5,42.599998474121094,47.0
constellationType3-svid18-carrierFrequencyHz,38982.0,1602000000.0,0.0,1602000000.0,1602000000.0,1602000000.0,1602000000.0,1602000000.0
constellationType3-svid20-azimuthDegrees,198008.0,164.94823441477112,130.64634103157377,0.0,9.0,205.0,300.0,345.0
constellationType3-svid20-elevationDegrees,198008.0,43.40986222778878,23.554134257235294,0.0,25.0,44.0,64.0,85.0
constellationType3-svid20-cn0DbHz,198008.0,24.883945091281927,7.914201086360953,0.0,22.899999618530273,26.399999618530273,29.399999618530273,41.400001525878906
constellationType3-svid20-basebandCn0DbHz,198008.0,21.615572098014205,7.201665121981362,0.0,19.399999618530273,22.899999618530273,25.899999618530273,37.900001525878906
constellationType3-svid20-carrierFrequencyHz,198008.0,1602000000.0,0.0,1602000000.0,1602000000.0,1602000000.0,1602000000.0,1602000000.0
constellationType3-svid3-azimuthDegrees,15576.0,161.27401129943502,28.81834902340744,0.0,142.0,145.0,206.0,207.0
constellationType3-svid3-elevationDegrees,15576.0,4.122239342578325,2.433833962185658,0.0,2.0,4.0,6.0,9.0
constellationType3-svid3-cn0DbHz,15576.0,33.78781456205253,10.596129590810293,0.0,30.299999237060547,35.70000076293945,41.0,47.5
constellationType3-svid3-basebandCn0DbHz,15576.0,30.477914714054016,10.003012188067503,0.0,26.799999237060547,32.20000076293945,37.5,44.0
constellationType3-svid3-carrierFrequencyHz,15576.0,1602000000.0,0.0,1602000000.0,1602000000.0,1602000000.0,1602000000.0,1602000000.0
constellationType6-svid,419248.0,19.813065297866657,10.24283059186839,1.0,10.0,21.0,30.0,36.0
constellationType6-svid19-azimuthDegrees,281864.0,184.04824312434366,66.46056271721716,53.0,139.0,154.0,226.0,308.0
constellationType6-svid19-elevationDegrees,281864.0,40.86218885703744,21.97738736538062,1.0,21.0,41.0,62.0,80.0
constellationType6-svid19-cn0DbHz,281864.0,16.237211559719697,16.758881630590626,0.0,0.0,0.0,33.900001525878906,40.599998474121094
constellationType6-svid19-basebandCn0DbHz,281864.0,14.523966863857567,15.029877546729498,0.0,0.0,0.0,30.399999618530273,37.099998474121094
constellationType6-svid19-carrierFrequencyHz,281864.0,1575420032.0,0.0,1575420032.0,1575420032.0,1575420032.0,1575420032.0,1575420032.0
constellationType6-svid33-azimuthDegrees,244244.0,187.4921144429341,114.48335045196215,0.0,52.0,219.0,305.0,342.0
constellationType6-svid33-elevationDegrees,244244.0,26.79674423936719,16.32582914390653,0.0,12.0,26.0,41.0,56.0
constellationType6-svid33-cn0DbHz,244244.0,11.767495611930201,17.269331044462117,0.0,0.0,0.0,30.5,47.599998474121094
constellationType6-svid33-basebandCn0DbHz,244244.0,10.611901208518466,15.676836316216885,0.0,0.0,0.0,27.0,44.099998474121094
constellationType6-svid33-carrierFrequencyHz,244244.0,1575420032.0,0.0,1575420032.0,1575420032.0,1575420032.0,1575420032.0,1575420032.0
constellationType6-svid12-azimuthDegrees,203062.0,162.3579005426914,114.75584169263554,0.0,5.0,196.0,263.0,301.0
constellationType6-svid12-elevationDegrees,203062.0,39.357112606002104,28.521927274937838,0.0,13.0,33.0,66.0,89.0
constellationType6-svid12-cn0DbHz,203062.0,12.426140779111876,15.87384033701251,0.0,0.0,0.0,31.700000762939453,39.099998474121094
constellationType6-svid12-basebandCn0DbHz,203062.0,11.07893155173922,14.190738351002846,0.0,0.0,0.0,28.200000762939453,35.599998474121094
constellationType6-svid12-carrierFrequencyHz,203062.0,1575420032.0,0.0,1575420032.0,1575420032.0,1575420032.0,1575420032.0,1575420032.0
constellationType6-svid4-azimuthDegrees,290760.0,185.78127665428534,82.09138466565123,45.0,101.0,215.0,239.0,322.0
constellationType6-svid4-elevationDegrees,290760.0,36.231476131517404,18.865869626677995,1.0,20.0,37.0,54.0,64.0
constellationType6-svid4-cn0DbHz,290760.0,16.95116660035711,19.047979949457645,0.0,0.0,0.0,37.5,47.599998474121094
constellationType6-svid4-basebandCn0DbHz,290760.0,15.37903150427471,17.334851351702916,0.0,0.0,0.0,34.0,44.099998474121094
constellationType6-svid4-carrierFrequencyHz,290760.0,1575420032.0,0.0,1575420032.0,1575420032.0,1575420032.0,1575420032.0,1575420032.0
constellationType6-svid10-azimuthDegrees,204156.0,261.45354532808244,57.900150029480216,0.0,221.0,251.0,310.0,359.0
constellationType6-svid10-elevationDegrees,204156.0,34.47331452418739,26.898630831539293,0.0,10.0,33.0,61.0,76.0
constellationType6-svid10-cn0DbHz,204156.0,16.678619293208108,17.854439708731757,0.0,0.0,0.0,36.400001525878906,44.29999923706055
constellationType6-svid10-basebandCn0DbHz,204156.0,15.02064695223556,16.13659833064332,0.0,0.0,0.0,32.900001525878906,40.79999923706055
constellationType6-svid10-carrierFrequencyHz,204156.0,1575420032.0,0.0,1575420032.0,1575420032.0,1575420032.0,1575420032.0,1575420032.0
constellationType6-svid26-azimuthDegrees,157872.0,231.92936049457788,109.2358524004524,0.0,209.0,226.0,333.0,359.0
constellationType6-svid26-elevationDegrees,157872.0,43.28388821323604,26.8056468057331,0.0,11.0,50.0,67.0,78.0
constellationType6-svid26-cn0DbHz,157872.0,26.75783545220407,15.5608159496974,0.0,20.700000762939453,34.70000076293945,37.29999923706055,46.400001525878906
constellationType6-svid26-basebandCn0DbHz,157872.0,24.092974040474925,14.130507789830572,0.0,17.200000762939453,31.200000762939453,33.79999923706055,42.900001525878906
constellationType6-svid26-carrierFrequencyHz,157872.0,1575420032.0,0.0,1575420032.0,1575420032.0,1575420032.0,1575420032.0,1575420032.0
constellationType6-svid11-azimuthDegrees,171816.0,261.9482586022256,50.03635276090335,216.0,220.0,234.0,327.0,351.0
constellationType6-svid11-elevationDegrees,171816.0,28.04545560366904,20.61209876075413,1.0,10.0,24.0,49.0,60.0
constellationType6-svid11-cn0DbHz,171816.0,2.7067735245780984,8.189087294775783,0.0,0.0,0.0,0.0,38.0
constellationType6-svid11-basebandCn0DbHz,171816.0,2.3503282583891614,7.1528862709555785,0.0,0.0,0.0,0.0,34.5
constellationType6-svid11-carrierFrequencyHz,171816.0,1575420032.0,0.0,1575420032.0,1575420032.0,1575420032.0,1575420032.0,1575420032.0
constellationType6-svid31-azimuthDegrees,194182.0,148.39748277389253,113.47149050775442,0.0,58.0,132.0,307.0,327.0
constellationType6-svid31-elevationDegrees,194182.0,30.103253648638905,20.015866495707066,0.0,13.0,26.0,52.0,61.0
constellationType6-svid31-cn0DbHz,194182.0,13.821043137533273,18.47091865820821,0.0,0.0,0.0,36.900001525878906,45.5
constellationType6-svid31-basebandCn0DbHz,194182.0,12.54264967156044,16.810853108668503,0.0,0.0,0.0,33.400001525878906,42.0
constellationType6-svid31-carrierFrequencyHz,194182.0,1575420032.0,0.0,1575420032.0,1575420032.0,1575420032.0,1575420032.0,1575420032.0
constellationType5-svid,419848.0,29.70429298222214,10.539711691556713,8.0,24.0,28.0,41.0,57.0
constellationType5-svid43-azimuthDegrees,281524.0,202.64498231056677,125.1038568050001,0.0,81.0,240.0,315.0,359.0
constellationType5-svid43-elevationDegrees,281524.0,24.15732939287592,16.646753686390213,1.0,9.0,23.0,38.0,76.0
constellationType5-svid43-cn0DbHz,281524.0,0.0,0.0,0.0,0.0,0.0,0.0,0.0
constellationType5-svid43-basebandCn0DbHz,281524.0,0.0,0.0,0.0,0.0,0.0,0.0,0.0
constellationType5-svid43-carrierFrequencyHz,281524.0,1561097984.0,0.0,1561097984.0,1561097984.0,1561097984.0,1561097984.0,1561097984.0
constellationType5-svid11-azimuthDegrees,227324.0,155.01525575830092,136.47982493153802,0.0,10.0,80.0,302.0,345.0
constellationType5-svid11-elevationDegrees,227324.0,33.36100895637944,20.269037181866185,0.0,15.0,33.0,53.0,71.0
constellationType5-svid11-cn0DbHz,227324.0,35.4302203017947,7.912180458036242,0.0,31.799999237060547,36.900001525878906,40.400001525878906,49.70000076293945
constellationType5-svid11-basebandCn0DbHz,227324.0,31.980105044632804,7.69674202488416,0.0,28.299999237060547,33.400001525878906,36.900001525878906,46.20000076293945
constellationType5-svid11-carrierFrequencyHz,227324.0,1561097984.0,0.0,1561097984.0,1561097984.0,1561097984.0,1561097984.0,1561097984.0
constellationType5-svid14-azimuthDegrees,315246.0,147.51822386326867,78.87862519756412,0.0,70.0,152.0,212.0,289.0
constellationType5-svid14-elevationDegrees,315246.0,38.01574643294443,15.184198413884417,0.0,29.0,40.0,50.0,64.0
constellationType5-svid14-cn0DbHz,315246.0,39.40752935556872,6.731588404071653,0.0,36.5,41.0,43.79999923706055,51.20000076293945
constellationType5-svid14-basebandCn0DbHz,315246.0,35.93650672270934,6.567419852063995,0.0,33.0,37.5,40.29999923706055,47.70000076293945
constellationType5-svid14-carrierFrequencyHz,315246.0,1561097984.0,0.0,1561097984.0,1561097984.0,1561097984.0,1561097984.0,1561097984.0
constellationType5-svid42-azimuthDegrees,249044.0,136.1211512825043,65.43698334933852,38.0,83.0,130.0,183.0,274.0
constellationType5-svid42-elevationDegrees,249044.0,33.22675511154655,16.622423232058544,1.0,18.0,34.0,50.0,55.0
constellationType5-svid42-cn0DbHz,249044.0,0.0,0.0,0.0,0.0,0.0,0.0,0.0
constellationType5-svid42-basebandCn0DbHz,249044.0,0.0,0.0,0.0,0.0,0.0,0.0,0.0
constellationType5-svid42-carrierFrequencyHz,249044.0,1561097984.0,0.0,1561097984.0,1561097984.0,1561097984.0,1561097984.0,1561097984.0
constellationType5-svid33-azimuthDegrees,363966.0,152.72232021672355,90.96195737136507,0.0,55.0,160.0,236.0,295.0
constellationType5-svid33-elevationDegrees,363966.0,37.62321205826918,19.841168529355762,0.0,20.0,41.0,52.0,72.0
constellationType5-svid33-cn0DbHz,363966.0,40.27322772071921,7.983643512473697,0.0,38.70000076293945,42.20000076293945,44.79999923706055,51.79999923706055
constellationType5-svid33-basebandCn0DbHz,363966.0,36.82288620465836,7.740160012672672,0.0,35.20000076293945,38.70000076293945,41.29999923706055,48.29999923706055
constellationType5-svid33-carrierFrequencyHz,363966.0,1561097984.0,0.0,1561097984.0,1561097984.0,1561097984.0,1561097984.0,1561097984.0
constellationType5-svid34-azimuthDegrees,210634.0,178.92430471813668,142.10036626897377,0.0,19.0,104.0,334.0,359.0
constellationType5-svid34-elevationDegrees,210634.0,27.136036917116893,21.665014038953714,0.0,9.0,19.0,43.0,69.0
constellationType5-svid34-cn0DbHz,210634.0,38.535810932454375,7.524384301489652,0.0,35.400001525878906,39.599998474121094,43.20000076293945,52.20000076293945
constellationType5-svid34-basebandCn0DbHz,210634.0,35.07166933865992,7.3468972694285535,0.0,31.899999618530273,36.099998474121094,39.70000076293945,48.70000076293945
constellationType5-svid34-carrierFrequencyHz,210634.0,1561097984.0,0.0,1561097984.0,1561097984.0,1561097984.0,1561097984.0,1561097984.0
constellationType5-svid28-azimuthDegrees,242512.0,211.7232219436564,98.5170676167976,0.0,219.0,238.0,283.0,359.0
constellationType5-svid28-elevationDegrees,242512.0,21.32954245563106,14.827858304011261,0.0,8.0,18.0,35.0,46.0
constellationType5-svid28-cn0DbHz,242512.0,36.21578972537984,8.336018236450203,0.0,32.599998474121094,38.099998474121094,41.400001525878906,50.099998474121094
constellationType5-svid28-basebandCn0DbHz,242512.0,32.77865671926685,8.071660844297663,0.0,29.100000381469727,34.599998474121094,37.900001525878906,46.599998474121094
constellationType5-svid28-carrierFrequencyHz,242512.0,1561097984.0,0.0,1561097984.0,1561097984.0,1561097984.0,1561097984.0,1561097984.0
constellationType5-svid12-azimuthDegrees,129718.0,34.7636719653402,48.27596392439555,0.0,2.0,6.0,30.0,134.0
constellationType5-svid12-elevationDegrees,129718.0,22.61753958587089,22.346580358927763,0.0,3.0,13.0,40.0,75.0
constellationType5-svid12-cn0DbHz,129718.0,36.22364821822422,6.638399042909641,0.0,33.599998474121094,37.099998474121094,40.29999923706055,47.20000076293945
constellationType5-svid12-basebandCn0DbHz,129718.0,32.76714256372609,6.408401450385449,0.0,30.100000381469727,33.599998474121094,36.79999923706055,43.70000076293945
constellationType5-svid12-carrierFrequencyHz,129718.0,1561097984.0,0.0,1561097984.0,1561097984.0,1561097984.0,1561097984.0,1561097984.0
constellationType5-svid21-azimuthDegrees,130302.0,128.8778529876748,26.13944139225183,0.0,110.0,128.0,148.0,183.0
constellationType5-svid21-elevationDegrees,130302.0,27.424889871222238,16.079690703297466,0.0,13.0,26.0,40.0,60.0
constellationType5-svid21-cn0DbHz,130302.0,41.637741551000566,5.600050687465894,0.0,40.099998474121094,43.099998474121094,44.79999923706055,49.79999923706055
constellationType5-svid21-basebandCn0DbHz,130302.0,38.15697379527302,5.461311600796452,0.0,36.599998474121094,39.599998474121094,41.29999923706055,46.29999923706055
constellationType5-svid21-carrierFrequencyHz,130302.0,1561097984.0,0.0,1561097984.0,1561097984.0,1561097984.0,1561097984.0,1561097984.0
constellationType5-svid26-azimuthDegrees,204898.0,93.65795664184131,35.43595625045902,0.0,64.0,98.0,124.0,144.0
constellationType5-svid26-elevationDegrees,204898.0,20.887095042411346,13.370896039694333,0.0,10.0,15.0,35.0,43.0
constellationType5-svid26-cn0DbHz,204898.0,41.79646067678016,7.106075188246331,0.0,39.20000076293945,43.900001525878906,46.5,52.0
constellationType5-svid26-basebandCn0DbHz,204898.0,38.33233218258262,6.900865889119054,0.0,35.70000076293945,40.400001525878906,43.0,48.5
constellationType5-svid26-carrierFrequencyHz,204898.0,1561097984.0,0.0,1561097984.0,1561097984.0,1561097984.0,1561097984.0,1561097984.0
constellationType5-svid24-azimuthDegrees,274164.0,84.87144920558498,63.235527989771484,0.0,35.0,79.0,132.0,359.0
constellationType5-svid24-elevationDegrees,274164.0,28.28294743292336,15.539339393987973,0.0,15.0,29.0,37.0,64.0
constellationType5-svid24-cn0DbHz,274164.0,42.529387517061046,6.111065454470462,0.0,39.900001525878906,44.0,46.79999923706055,51.29999923706055
constellationType5-svid24-basebandCn0DbHz,274164.0,39.04544724575046,6.002919819417672,0.0,36.400001525878906,40.5,43.29999923706055,47.79999923706055
constellationType5-svid24-carrierFrequencyHz,274164.0,1561097984.0,0.0,1561097984.0,1561097984.0,1561097984.0,1561097984.0,1561097984.0
constellationType5-svid41-azimuthDegrees,299632.0,185.88733513109415,99.53667358288112,23.0,80.0,214.0,247.0,350.0
constellationType5-svid41-elevationDegrees,299632.0,43.58663961125647,21.049233378678593,1.0,28.0,42.0,62.0,81.0
constellationType5-svid41-cn0DbHz,299632.0,0.0,0.0,0.0,0.0,0.0,0.0,0.0
constellationType5-svid41-basebandCn0DbHz,299632.0,0.0,0.0,0.0,0.0,0.0,0.0,0.0
constellationType5-svid41-carrierFrequencyHz,299632.0,1561097984.0,0.0,1561097984.0,1561097984.0,1561097984.0,1561097984.0,1561097984.0
constellationType2-svid138-azimuthDegrees,1444.0,287.0,0.0,287.0,287.0,287.0,287.0,287.0
constellationType2-svid138-elevationDegrees,1444.0,24.0,0.0,24.0,24.0,24.0,24.0,24.0
constellationType2-svid138-cn0DbHz,1444.0,0.0,0.0,0.0,0.0,0.0,0.0,0.0
constellationType2-svid138-basebandCn0DbHz,1444.0,0.0,0.0,0.0,0.0,0.0,0.0,0.0
constellationType2-svid138-carrierFrequencyHz,1444.0,1575420032.0,0.0,1575420032.0,1575420032.0,1575420032.0,1575420032.0,1575420032.0
constellationType2-svid131-azimuthDegrees,64512.0,282.0,0.0,282.0,282.0,282.0,282.0,282.0
constellationType2-svid131-elevationDegrees,64512.0,15.0,0.0,15.0,15.0,15.0,15.0,15.0
constellationType2-svid131-cn0DbHz,64512.0,32.87303137400794,6.2595174082061105,0.0,31.5,33.5,35.5,42.5
constellationType2-svid131-basebandCn0DbHz,64512.0,29.479910714285715,5.702386655156503,0.0,28.0,30.0,32.0,39.0
constellationType2-svid131-carrierFrequencyHz,64512.0,1575420032.0,0.0,1575420032.0,1575420032.0,1575420032.0,1575420032.0,1575420032.0
constellationType3-svid6-azimuthDegrees,304870.0,171.83700593695673,84.49766398037083,0.0,87.0,186.0,245.0,308.0
constellationType3-svid6-elevationDegrees,304870.0,29.799337422507953,13.774072370692355,0.0,20.0,32.0,41.0,49.0
constellationType3-svid6-cn0DbHz,304870.0,24.491944099203796,12.551042825275438,0.0,21.700000762939453,28.399999618530273,33.29999923706055,42.900001525878906
constellationType3-svid6-basebandCn0DbHz,304870.0,21.622740837586658,11.333119077621115,0.0,18.200000762939453,24.899999618530273,29.799999237060547,39.400001525878906
constellationType3-svid6-carrierFrequencyHz,304870.0,1602000000.0,0.0,1602000000.0,1602000000.0,1602000000.0,1602000000.0,1602000000.0
constellationType2-svid135-azimuthDegrees,12078.0,277.7781089584368,0.9156407304302698,274.0,278.0,278.0,278.0,278.0
constellationType2-svid135-elevationDegrees,12078.0,7.6116906772644475,1.602371278252972,1.0,8.0,8.0,8.0,8.0
constellationType2-svid135-cn0DbHz,12078.0,30.0090246729591,10.563969865941932,0.0,32.5,33.5,34.5,38.5
constellationType2-svid135-basebandCn0DbHz,12078.0,26.88922006954794,9.484894168772646,0.0,29.0,30.0,31.0,35.0
constellationType2-svid135-carrierFrequencyHz,12078.0,1575420032.0,0.0,1575420032.0,1575420032.0,1575420032.0,1575420032.0,1575420032.0
constellationType2-svid133-azimuthDegrees,2664.0,276.0,0.0,276.0,276.0,276.0,276.0,276.0
constellationType2-svid133-elevationDegrees,2664.0,4.0,0.0,4.0,4.0,4.0,4.0,4.0
constellationType2-svid133-cn0DbHz,2664.0,19.963213213213212,14.951660687090099,0.0,0.0,30.5,31.5,34.5
constellationType2-svid133-basebandCn0DbHz,2664.0,17.71921921921922,13.274224003589628,0.0,0.0,27.0,28.0,31.0
constellationType2-svid133-carrierFrequencyHz,2664.0,1575420032.0,0.0,1575420032.0,1575420032.0,1575420032.0,1575420032.0,1575420032.0
constellationType2-svid120-azimuthDegrees,144.0,0.0,0.0,0.0,0.0,0.0,0.0,0.0
constellationType2-svid120-elevationDegrees,144.0,0.0,0.0,0.0,0.0,0.0,0.0,0.0
constellationType2-svid120-cn0DbHz,144.0,0.0,0.0,0.0,0.0,0.0,0.0,0.0
constellationType2-svid120-basebandCn0DbHz,144.0,0.0,0.0,0.0,0.0,0.0,0.0,0.0
constellationType2-svid120-carrierFrequencyHz,144.0,1575420032.0,0.0,1575420032.0,1575420032.0,1575420032.0,1575420032.0,1575420032.0
constellationType2-svid121-azimuthDegrees,148.0,0.0,0.0,0.0,0.0,0.0,0.0,0.0
constellationType2-svid121-elevationDegrees,148.0,0.0,0.0,0.0,0.0,0.0,0.0,0.0
constellationType2-svid121-cn0DbHz,148.0,16.256756756756758,19.773073707230918,0.0,0.0,0.0,39.5,42.5
constellationType2-svid121-basebandCn0DbHz,148.0,14.837837837837839,18.050591809716586,0.0,0.0,0.0,36.0,39.0
constellationType2-svid121-carrierFrequencyHz,148.0,1575420032.0,0.0,1575420032.0,1575420032.0,1575420032.0,1575420032.0,1575420032.0
constellationType2-svid124-azimuthDegrees,152.0,0.0,0.0,0.0,0.0,0.0,0.0,0.0
constellationType2-svid124-elevationDegrees,152.0,0.0,0.0,0.0,0.0,0.0,0.0,0.0
constellationType2-svid124-cn0DbHz,152.0,0.0,0.0,0.0,0.0,0.0,0.0,0.0
constellationType2-svid124-basebandCn0DbHz,152.0,0.0,0.0,0.0,0.0,0.0,0.0,0.0
constellationType2-svid124-carrierFrequencyHz,152.0,1575420032.0,0.0,1575420032.0,1575420032.0,1575420032.0,1575420032.0,1575420032.0
constellationType2-svid129-azimuthDegrees,146.0,0.0,0.0,0.0,0.0,0.0,0.0,0.0
constellationType2-svid129-elevationDegrees,146.0,0.0,0.0,0.0,0.0,0.0,0.0,0.0
constellationType2-svid129-cn0DbHz,146.0,0.0,0.0,0.0,0.0,0.0,0.0,0.0
constellationType2-svid129-basebandCn0DbHz,146.0,0.0,0.0,0.0,0.0,0.0,0.0,0.0
constellationType2-svid129-carrierFrequencyHz,146.0,1575420032.0,0.0,1575420032.0,1575420032.0,1575420032.0,1575420032.0,1575420032.0
constellationType2-svid130-azimuthDegrees,154.0,0.0,0.0,0.0,0.0,0.0,0.0,0.0
constellationType2-svid130-elevationDegrees,154.0,0.0,0.0,0.0,0.0,0.0,0.0,0.0
constellationType2-svid130-cn0DbHz,154.0,0.0,0.0,0.0,0.0,0.0,0.0,0.0
constellationType2-svid130-basebandCn0DbHz,154.0,0.0,0.0,0.0,0.0,0.0,0.0,0.0
constellationType2-svid130-carrierFrequencyHz,154.0,1575420032.0,0.0,1575420032.0,1575420032.0,1575420032.0,1575420032.0,1575420032.0
constellationType2-svid134-azimuthDegrees,150.0,0.0,0.0,0.0,0.0,0.0,0.0,0.0
constellationType2-svid134-elevationDegrees,150.0,0.0,0.0,0.0,0.0,0.0,0.0,0.0
constellationType2-svid134-cn0DbHz,150.0,0.0,0.0,0.0,0.0,0.0,0.0,0.0
constellationType2-svid134-basebandCn0DbHz,150.0,0.0,0.0,0.0,0.0,0.0,0.0,0.0
constellationType2-svid134-carrierFrequencyHz,150.0,1575420032.0,0.0,1575420032.0,1575420032.0,1575420032.0,1575420032.0,1575420032.0
constellationType3-svid14-azimuthDegrees,68378.0,119.79297434847466,20.857059729573848,0.0,101.0,120.0,138.0,153.0
constellationType3-svid14-elevationDegrees,68378.0,7.7966012460148,3.4708902513176327,0.0,5.0,9.0,11.0,12.0
constellationType3-svid14-cn0DbHz,68378.0,39.97450933559908,6.552324181456215,0.0,36.5,41.20000076293945,44.900001525878906,52.29999923706055
constellationType3-svid14-basebandCn0DbHz,68378.0,36.486896358127254,6.47964574437655,0.0,33.0,37.70000076293945,41.400001525878906,48.79999923706055
constellationType3-svid14-carrierFrequencyHz,68378.0,1602000000.0,0.0,1602000000.0,1602000000.0,1602000000.0,1602000000.0,1602000000.0
constellationType2-svid123-azimuthDegrees,101750.0,84.00967076167076,0.19644312742799938,84.0,84.0,84.0,84.0,88.0
constellationType2-svid123-elevationDegrees,101750.0,1.9854938574938574,0.2946646911419991,-4.0,2.0,2.0,2.0,2.0
constellationType2-svid123-cn0DbHz,101750.0,41.366457002457004,6.000763609813978,0.0,37.5,43.5,45.5,50.5
constellationType2-svid123-basebandCn0DbHz,101750.0,37.8979656019656,5.788922905682989,0.0,34.0,40.0,42.0,47.0
constellationType2-svid123-carrierFrequencyHz,101750.0,1575420032.0,0.0,1575420032.0,1575420032.0,1575420032.0,1575420032.0,1575420032.0
constellationType6-svid9-azimuthDegrees,193208.0,208.30195437041945,83.29878040927365,52.0,140.0,203.0,286.0,317.0
constellationType6-svid9-elevationDegrees,193208.0,40.29567098670862,20.159127669533607,1.0,24.0,48.0,59.0,64.0
constellationType6-svid9-cn0DbHz,193208.0,19.15244400237175,19.79997628951625,0.0,0.0,0.0,39.79999923706055,46.099998474121094
constellationType6-svid9-basebandCn0DbHz,193208.0,17.449000045994655,18.063282515266195,0.0,0.0,0.0,36.29999923706055,42.599998474121094
constellationType6-svid9-carrierFrequencyHz,193208.0,1575420032.0,0.0,1575420032.0,1575420032.0,1575420032.0,1575420032.0,1575420032.0
constellationType1-svid17-azimuthDegrees,299718.0,166.58340173096045,116.65608591783719,2.0,25.0,228.0,265.0,301.0
constellationType1-svid17-elevationDegrees,299718.0,13.46639174157041,9.047981549044422,1.0,7.0,13.0,16.0,42.0
constellationType1-svid17-cn0DbHz,299718.0,34.989661607486546,10.85598928855965,0.0,29.399999618530273,36.5,42.70000076293945,51.29999923706055
constellationType1-svid17-basebandCn0DbHz,299718.0,31.64688940213486,10.362207801538833,0.0,25.899999618530273,33.0,39.20000076293945,47.79999923706055
constellationType1-svid17-carrierFrequencyHz,299718.0,1575420032.0,0.0,1575420032.0,1575420032.0,1575420032.0,1575420032.0,1575420032.0
constellationType3-svid15-azimuthDegrees,156020.0,105.50346109473145,29.736689113129216,0.0,85.0,108.0,131.0,153.0
constellationType3-svid15-elevationDegrees,156020.0,15.076823484168695,9.466041425109191,0.0,7.0,11.0,25.0,30.0
constellationType3-svid15-cn0DbHz,156020.0,39.29968594675904,7.246012005648395,0.0,36.0,40.70000076293945,44.29999923706055,50.29999923706055
constellationType3-svid15-basebandCn0DbHz,156020.0,35.827547760435195,7.100105325365879,0.0,32.5,37.20000076293945,40.79999923706055,46.79999923706055
constellationType3-svid15-carrierFrequencyHz,156020.0,1602000000.0,0.0,1602000000.0,1602000000.0,1602000000.0,1602000000.0,1602000000.0
constellationType5-svid25-azimuthDegrees,299444.0,156.85318122921146,111.73637892370337,0.0,47.0,140.0,212.0,359.0
constellationType5-svid25-elevationDegrees,299444.0,37.746416692269676,23.88984051435255,0.0,17.0,36.0,57.0,82.0
constellationType5-svid25-cn0DbHz,299444.0,39.554024127458995,6.637076423083332,0.0,37.099998474121094,40.900001525878906,43.70000076293945,51.79999923706055
constellationType5-svid25-basebandCn0DbHz,299444.0,36.081117671687764,6.480860464403418,0.0,33.599998474121094,37.400001525878906,40.20000076293945,48.29999923706055
constellationType5-svid25-carrierFrequencyHz,299444.0,1561097984.0,0.0,1561097984.0,1561097984.0,1561097984.0,1561097984.0,1561097984.0
constellationType6-svid18-azimuthDegrees,13924.0,0.0,0.0,0.0,0.0,0.0,0.0,0.0
constellationType6-svid18-elevationDegrees,13924.0,0.0,0.0,0.0,0.0,0.0,0.0,0.0
constellationType6-svid18-cn0DbHz,13924.0,41.15383509937561,4.634638823933242,14.5,39.5,41.79999923706055,44.20000076293945,48.5
constellationType6-svid18-basebandCn0DbHz,13924.0,37.653835098005786,4.634638822500787,11.0,36.0,38.29999923706055,40.70000076293945,45.0
constellationType6-svid18-carrierFrequencyHz,13924.0,1575420032.0,0.0,1575420032.0,1575420032.0,1575420032.0,1575420032.0,1575420032.0
constellationType3-svid21-azimuthDegrees,218044.0,238.69265836253234,72.6603153295545,0.0,208.0,234.0,294.0,343.0
constellationType3-svid21-elevationDegrees,218044.0,33.14029278494249,19.26423608940871,0.0,17.0,35.0,45.0,66.0
constellationType3-svid21-cn0DbHz,218044.0,35.02233127363164,7.803893502304231,0.0,31.799999237060547,36.099998474121094,39.900001525878906,53.400001525878906
constellationType3-svid21-basebandCn0DbHz,218044.0,31.584130722566098,7.535548550162155,0.0,28.299999237060547,32.599998474121094,36.400001525878906,49.900001525878906
constellationType3-svid21-carrierFrequencyHz,218044.0,1602000000.0,0.0,1602000000.0,1602000000.0,1602000000.0,1602000000.0,1602000000.0
constellationType1-svid9-azimuthDegrees,366510.0,177.78683255572835,93.97221691321926,41.0,85.0,165.0,273.0,310.0
constellationType1-svid9-elevationDegrees,366510.0,35.4298600311042,15.677838849672199,1.0,23.0,37.0,52.0,55.0
constellationType1-svid9-cn0DbHz,366510.0,38.976415375855794,7.764693493145905,0.0,34.0,41.29999923706055,44.79999923706055,49.70000076293945
constellationType1-svid9-basebandCn0DbHz,366510.0,35.51530108170172,7.575869200794658,0.0,30.5,37.79999923706055,41.29999923706055,46.20000076293945
constellationType1-svid9-carrierFrequencyHz,366510.0,1575420032.0,0.0,1575420032.0,1575420032.0,1575420032.0,1575420032.0,1575420032.0
constellationType5-svid27-azimuthDegrees,106240.0,211.5238704819277,91.76850401673228,0.0,218.0,234.0,259.0,314.0
constellationType5-svid27-elevationDegrees,106240.0,13.616698042168675,8.690538442787144,0.0,5.0,15.0,23.0,24.0
constellationType5-svid27-cn0DbHz,106240.0,34.80839419176421,8.171156737407175,0.0,31.299999237060547,36.599998474121094,39.900001525878906,51.099998474121094
constellationType5-svid27-basebandCn0DbHz,106240.0,31.37441451422062,7.899262643012568,0.0,27.799999237060547,33.099998474121094,36.400001525878906,47.599998474121094
constellationType5-svid27-carrierFrequencyHz,106240.0,1561097984.0,0.0,1561097984.0,1561097984.0,1561097984.0,1561097984.0,1561097984.0
constellationType1-svid26-azimuthDegrees,153202.0,87.55243404133105,20.48009666527413,53.0,70.0,87.0,106.0,125.0
constellationType1-svid26-elevationDegrees,153202.0,11.689612407148731,5.176996245880458,1.0,7.0,14.0,16.0,17.0
constellationType1-svid26-cn0DbHz,153202.0,41.016499784618034,7.6447878086430014,0.0,39.29999923706055,42.29999923706055,45.0,51.70000076293945
constellationType1-svid26-basebandCn0DbHz,153202.0,37.597510475488065,7.216243047670515,0.0,35.79999923706055,38.79999923706055,41.5,48.20000076293945
constellationType1-svid26-carrierFrequencyHz,153202.0,1575420032.0,0.0,1575420032.0,1575420032.0,1575420032.0,1575420032.0,1575420032.0
constellationType5-svid8-azimuthDegrees,368.0,0.0,0.0,0.0,0.0,0.0,0.0,0.0
constellationType5-svid8-elevationDegrees,368.0,0.0,0.0,0.0,0.0,0.0,0.0,0.0
constellationType5-svid8-cn0DbHz,368.0,28.132065151048742,0.5700079147621773,25.299999237060547,28.0,28.299999237060547,28.399999618530273,29.299999237060547
constellationType5-svid8-basebandCn0DbHz,368.0,24.632065151048742,0.5700079147621773,21.799999237060547,24.5,24.799999237060547,24.899999618530273,25.799999237060547
constellationType5-svid8-carrierFrequencyHz,368.0,1561097984.0,0.0,1561097984.0,1561097984.0,1561097984.0,1561097984.0,1561097984.0
constellationType3-svid16-azimuthDegrees,186314.0,87.0994450229183,42.48013739231466,0.0,51.0,79.0,130.0,152.0
constellationType3-svid16-elevationDegrees,186314.0,22.853376557853945,13.125188754263645,0.0,13.0,23.0,30.0,53.0
constellationType3-svid16-cn0DbHz,186314.0,38.81345148297538,9.502538487656656,0.0,36.20000076293945,41.099998474121094,45.0,50.400001525878906
constellationType3-svid16-basebandCn0DbHz,186314.0,35.434730614037974,9.016287171334037,0.0,32.70000076293945,37.599998474121094,41.5,46.900001525878906
constellationType3-svid16-carrierFrequencyHz,186314.0,1602000000.0,0.0,1602000000.0,1602000000.0,1602000000.0,1602000000.0,1602000000.0
constellationType1-svid19-azimuthDegrees,191522.0,184.66739069140883,115.75215415861248,0.0,12.0,235.0,257.0,359.0
constellationType1-svid19-elevationDegrees,191522.0,7.483902632595733,5.8492392606244366,0.0,4.0,6.0,7.0,28.0
constellationType1-svid19-cn0DbHz,191522.0,31.06169316544596,12.503371521928434,0.0,25.600000381469727,33.29999923706055,40.0,49.900001525878906
constellationType1-svid19-basebandCn0DbHz,191522.0,27.867245530356648,11.7613064242603,0.0,22.100000381469727,29.799999237060547,36.5,46.400001525878906
constellationType1-svid19-carrierFrequencyHz,191522.0,1575420032.0,0.0,1575420032.0,1575420032.0,1575420032.0,1575420032.0,1575420032.0
constellationType1-svid1-azimuthDegrees,38596.0,0.0,0.0,0.0,0.0,0.0,0.0,0.0
constellationType1-svid1-elevationDegrees,38596.0,0.0,0.0,0.0,0.0,0.0,0.0,0.0
constellationType1-svid1-cn0DbHz,38596.0,20.548704525141755,2.439798187487863,11.699999809265137,18.399999618530273,20.899999618530273,22.299999237060547,28.700000762939453
constellationType1-svid1-basebandCn0DbHz,38596.0,17.048704523659207,2.4397981931788886,8.199999809265137,14.899999618530273,17.399999618530273,18.799999237060547,25.200000762939453
constellationType1-svid1-carrierFrequencyHz,38596.0,1575420032.0,0.0,1575420032.0,1575420032.0,1575420032.0,1575420032.0,1575420032.0
constellationType6-svid21-azimuthDegrees,193042.0,94.15794490318169,65.00570938765594,0.0,37.0,103.0,130.0,359.0
constellationType6-svid21-elevationDegrees,193042.0,35.11887568508408,26.76097014032772,0.0,8.0,42.0,61.0,73.0
constellationType6-svid21-cn0DbHz,193042.0,22.663024624870083,18.979626940971805,0.0,0.0,35.900001525878906,39.099998474121094,45.599998474121094
constellationType6-svid21-basebandCn0DbHz,193042.0,20.59169299597494,17.27510554566403,0.0,0.0,32.400001525878906,35.599998474121094,42.099998474121094
constellationType6-svid21-carrierFrequencyHz,193042.0,1575420032.0,0.0,1575420032.0,1575420032.0,1575420032.0,1575420032.0,1575420032.0
constellationType1-svid16-azimuthDegrees,181266.0,90.51793496849933,37.52006130929538,0.0,58.0,78.0,134.0,145.0
constellationType1-svid16-elevationDegrees,181266.0,12.268621804420023,6.790391843156411,0.0,6.0,12.0,18.0,24.0
constellationType1-svid16-cn0DbHz,181266.0,39.01739874670341,8.427533434160178,0.0,35.900001525878906,41.29999923706055,44.400001525878906,50.400001525878906
constellationType1-svid16-basebandCn0DbHz,181266.0,35.595869060332554,8.072692295451734,0.0,32.400001525878906,37.79999923706055,40.900001525878906,46.900001525878906
constellationType1-svid16-carrierFrequencyHz,181266.0,1575420032.0,0.0,1575420032.0,1575420032.0,1575420032.0,1575420032.0,1575420032.0
constellationType6-svid36-azimuthDegrees,116330.0,264.94864609301123,39.042315210300444,0.0,220.0,278.0,301.0,319.0
constellationType6-svid36-elevationDegrees,116330.0,16.047296484139945,9.115047764662823,0.0,8.0,16.0,24.0,32.0
constellationType6-svid36-cn0DbHz,116330.0,4.318677894876264,10.929372189639507,0.0,0.0,0.0,0.0,44.400001525878906
constellationType6-svid36-basebandCn0DbHz,116330.0,3.8375896145776265,9.737962487128017,0.0,0.0,0.0,0.0,40.900001525878906
constellationType6-svid36-carrierFrequencyHz,116330.0,1575420032.0,0.0,1575420032.0,1575420032.0,1575420032.0,1575420032.0,1575420032.0
constellationType5-svid23-azimuthDegrees,245766.0,254.4781784298886,78.24851533843889,131.0,166.0,272.0,325.0,352.0
constellationType5-svid23-elevationDegrees,245766.0,44.8729685961443,22.189001959188534,1.0,27.0,46.0,59.0,88.0
constellationType5-svid23-cn0DbHz,245766.0,36.858572777551394,7.156874439431437,0.0,33.20000076293945,38.29999923706055,41.900001525878906,48.599998474121094
constellationType5-svid23-basebandCn0DbHz,245766.0,33.39141295623503,6.993841580778378,0.0,29.700000762939453,34.79999923706055,38.400001525878906,45.099998474121094
constellationType5-svid23-carrierFrequencyHz,245766.0,1561097984.0,0.0,1561097984.0,1561097984.0,1561097984.0,1561097984.0,1561097984.0
constellationType5-svid13-azimuthDegrees,156.0,0.0,0.0,0.0,0.0,0.0,0.0,0.0
constellationType5-svid13-elevationDegrees,156.0,0.0,0.0,0.0,0.0,0.0,0.0,0.0
constellationType5-svid13-cn0DbHz,156.0,27.928205172220867,0.5796322982803948,26.899999618530273,27.5,27.899999618530273,28.299999237060547,29.399999618530273
constellationType5-svid13-basebandCn0DbHz,156.0,24.428205172220867,0.5796322982803948,23.399999618530273,24.0,24.399999618530273,24.799999237060547,25.899999618530273
constellationType5-svid13-carrierFrequencyHz,156.0,1561097984.0,0.0,1561097984.0,1561097984.0,1561097984.0,1561097984.0,1561097984.0
constellationType1-svid7-azimuthDegrees,284402.0,214.59368780810263,80.96535672837162,104.0,143.0,190.0,323.0,332.0
constellationType1-svid7-elevationDegrees,284402.0,39.47278148536227,19.393342567345016,1.0,25.0,37.0,58.0,67.0
constellationType1-svid7-cn0DbHz,284402.0,37.747768304385566,8.322438605422679,0.0,35.099998474121094,39.70000076293945,42.900001525878906,50.0
constellationType1-svid7-basebandCn0DbHz,284402.0,34.32527478928749,7.9797767069096155,0.0,31.600000381469727,36.20000076293945,39.400001525878906,46.5
constellationType1-svid7-carrierFrequencyHz,284402.0,1575420032.0,0.0,1575420032.0,1575420032.0,1575420032.0,1575420032.0,1575420032.0
constellationType1-svid6-azimuthDegrees,199710.0,275.0029442691903,42.604781655817234,0.0,224.0,289.0,312.0,332.0
constellationType1-svid6-elevationDegrees,199710.0,15.74960693004857,9.104057350289782,0.0,8.0,16.0,23.0,32.0
constellationType1-svid6-cn0DbHz,199710.0,29.715422363036755,10.558180816594481,0.0,27.0,32.5,36.29999923706055,46.5
constellationType1-svid6-basebandCn0DbHz,199710.0,26.503294775096926,9.761725420093757,0.0,23.5,29.0,32.79999923706055,43.0
constellationType1-svid6-carrierFrequencyHz,199710.0,1575420032.0,0.0,1575420032.0,1575420032.0,1575420032.0,1575420032.0,1575420032.0
constellationType3-svid9-azimuthDegrees,218544.0,93.5618365180467,59.53432399983852,0.0,32.0,117.0,150.0,157.0
constellationType3-svid9-elevationDegrees,218544.0,29.48228274397833,20.934536129071432,0.0,12.0,25.0,44.0,79.0
constellationType3-svid9-cn0DbHz,218544.0,38.11641591337434,7.586796403739553,0.0,35.0,39.29999923706055,43.099998474121094,49.79999923706055
constellationType3-svid9-basebandCn0DbHz,218544.0,34.66795244485901,7.335421494883564,0.0,31.5,35.79999923706055,39.599998474121094,46.29999923706055
constellationType3-svid9-carrierFrequencyHz,218544.0,1602000000.0,0.0,1602000000.0,1602000000.0,1602000000.0,1602000000.0,1602000000.0
constellationType3-svid22-azimuthDegrees,138898.0,223.9526559057726,56.75159232818904,0.0,210.0,222.0,258.0,331.0
constellationType3-svid22-elevationDegrees,138898.0,19.778153753113795,14.655524855995933,0.0,7.0,16.0,35.0,44.0
constellationType3-svid22-cn0DbHz,138898.0,31.536240981542417,10.13231961373469,0.0,27.5,33.400001525878906,38.099998474121094,51.599998474121094
constellationType3-svid22-basebandCn0DbHz,138898.0,28.22502699354081,9.55937905040953,0.0,24.0,29.899999618530273,34.599998474121094,48.099998474121094
constellationType3-svid22-carrierFrequencyHz,138898.0,1602000000.0,0.0,1602000000.0,1602000000.0,1602000000.0,1602000000.0,1602000000.0
constellationType5-svid32-azimuthDegrees,187744.0,244.60926580876085,47.16906324181059,207.0,215.0,222.0,246.0,354.0
constellationType5-svid32-elevationDegrees,187744.0,42.99334199761377,25.346190912751325,1.0,22.0,44.0,64.0,84.0
constellationType5-svid32-cn0DbHz,187744.0,36.856303265528766,7.892182366754181,0.0,35.599998474121094,39.0,41.5,47.20000076293945
constellationType5-svid32-basebandCn0DbHz,187744.0,33.43695031409981,7.5244646773161845,0.0,32.099998474121094,35.5,38.0,43.70000076293945
constellationType5-svid32-carrierFrequencyHz,187744.0,1561097984.0,0.0,1561097984.0,1561097984.0,1561097984.0,1561097984.0,1561097984.0
constellationType5-svid30-azimuthDegrees,6120.0,227.2218954248366,1.2030811082970865,225.0,226.0,227.0,228.0,229.0
constellationType5-svid30-elevationDegrees,6120.0,1.1464052287581699,0.35354089034053965,1.0,1.0,1.0,1.0,2.0
constellationType5-svid30-cn0DbHz,6120.0,19.476633971968507,11.782782591481157,0.0,15.600000381469727,21.399999618530273,28.399999618530273,38.599998474121094
constellationType5-svid30-basebandCn0DbHz,6120.0,16.748692801731085,10.529069855361888,0.0,12.100000381469727,17.899999618530273,24.899999618530273,35.099998474121094
constellationType5-svid30-carrierFrequencyHz,6120.0,1561097984.0,0.0,1561097984.0,1561097984.0,1561097984.0,1561097984.0,1561097984.0
constellationType1-svid30-azimuthDegrees,200942.0,228.61946233241432,53.36802517967641,134.0,181.0,233.0,273.0,322.0
constellationType1-svid30-elevationDegrees,200942.0,45.67090006071404,14.843004146813866,1.0,45.0,51.0,55.0,56.0
constellationType1-svid30-cn0DbHz,200942.0,36.28093678315463,9.577633266152855,0.0,33.70000076293945,38.5,42.099998474121094,49.099998474121094
constellationType1-svid30-basebandCn0DbHz,200942.0,32.934702546352746,9.004888137483038,0.0,30.200000762939453,35.0,38.599998474121094,45.599998474121094
constellationType1-svid30-carrierFrequencyHz,200942.0,1575420032.0,0.0,1575420032.0,1575420032.0,1575420032.0,1575420032.0,1575420032.0
constellationType3-svid10-azimuthDegrees,215262.0,160.08371194172682,95.05159361028852,0.0,140.0,154.0,189.0,350.0
constellationType3-svid10-elevationDegrees,215262.0,42.78810008268993,23.020706420775383,0.0,25.0,43.0,64.0,80.0
constellationType3-svid10-cn0DbHz,215262.0,33.55490889857914,7.356917044770827,0.0,31.899999618530273,35.0,37.5,45.5
constellationType3-svid10-basebandCn0DbHz,215262.0,30.160431461316684,6.884823197255346,0.0,28.399999618530273,31.5,34.0,42.0
constellationType3-svid10-carrierFrequencyHz,215262.0,1602000000.0,0.0,1602000000.0,1602000000.0,1602000000.0,1602000000.0,1602000000.0
constellationType1-svid11-azimuthDegrees,148596.0,272.08904681148886,20.80663302595387,0.0,254.0,273.0,290.0,306.0
constellationType1-svid11-elevationDegrees,148596.0,12.53624592855797,5.562874744166534,0.0,8.0,15.0,17.0,18.0
constellationType1-svid11-cn0DbHz,148596.0,30.640609427735015,8.41657795638143,0.0,27.0,31.700000762939453,36.20000076293945,46.900001525878906
constellationType1-svid11-basebandCn0DbHz,148596.0,27.266339594006855,7.972332472474949,0.0,23.5,28.200000762939453,32.70000076293945,43.400001525878906
constellationType1-svid11-carrierFrequencyHz,148596.0,1575420032.0,0.0,1575420032.0,1575420032.0,1575420032.0,1575420032.0,1575420032.0
constellationType1-svid14-azimuthDegrees,204742.0,308.50066913481356,67.0763126531225,162.0,321.0,345.0,347.0,348.0
constellationType1-svid14-elevationDegrees,204742.0,51.524816598450734,26.02597214739242,3.0,28.0,55.0,75.0,88.0
constellationType1-svid14-cn0DbHz,204742.0,36.765618197891456,6.036128397754659,0.0,33.900001525878906,37.70000076293945,40.900001525878906,48.400001525878906
constellationType1-svid14-basebandCn0DbHz,204742.0,33.293379961321165,5.872808089374618,0.0,30.399999618530273,34.20000076293945,37.400001525878906,44.900001525878906
constellationType1-svid14-carrierFrequencyHz,204742.0,1575420032.0,0.0,1575420032.0,1575420032.0,1575420032.0,1575420032.0,1575420032.0
constellationType1-svid20-azimuthDegrees,204742.0,252.7909075812486,29.88182561607167,218.0,224.0,246.0,280.0,311.0
constellationType1-svid20-elevationDegrees,204742.0,29.23089546844321,11.190394815520504,1.0,23.0,33.0,39.0,41.0
constellationType1-svid20-cn0DbHz,204742.0,34.11804221435222,8.742118834543902,0.0,32.0,36.099998474121094,39.20000076293945,47.099998474121094
constellationType1-svid20-basebandCn0DbHz,204742.0,30.763210278558084,8.185713761351423,0.0,28.5,32.599998474121094,35.70000076293945,43.599998474121094
constellationType1-svid20-carrierFrequencyHz,204742.0,1575420032.0,0.0,1575420032.0,1575420032.0,1575420032.0,1575420032.0,1575420032.0
constellationType3-svid23-azimuthDegrees,85450.0,243.82626097132825,30.486804427246724,0.0,218.0,236.0,278.0,299.0
constellationType3-svid23-elevationDegrees,85450.0,9.621369221767115,6.593582758142085,0.0,4.0,7.0,14.0,23.0
constellationType3-svid23-cn0DbHz,85450.0,26.934179046702287,11.124574823754944,0.0,23.0,28.5,34.5,45.70000076293945
constellationType3-svid23-basebandCn0DbHz,85450.0,23.790200104666006,10.280904925081963,0.0,19.5,25.0,31.0,42.20000076293945
constellationType3-svid23-carrierFrequencyHz,85450.0,1602000000.0,0.0,1602000000.0,1602000000.0,1602000000.0,1602000000.0,1602000000.0
constellationType3-svid8-azimuthDegrees,252634.0,149.9296135912031,83.73453792544575,2.0,60.0,182.0,213.0,275.0
constellationType3-svid8-elevationDegrees,252634.0,40.17773538003594,24.35288520078213,1.0,16.0,42.0,61.0,89.0
constellationType3-svid8-cn0DbHz,252634.0,37.30689139744284,7.932590970707538,0.0,35.400001525878906,39.5,41.79999923706055,48.099998474121094
constellationType3-svid8-basebandCn0DbHz,252634.0,33.880456313625466,7.595333254116742,0.0,31.899999618530273,36.0,38.29999923706055,44.599998474121094
constellationType3-svid8-carrierFrequencyHz,252634.0,1602000000.0,0.0,1602000000.0,1602000000.0,1602000000.0,1602000000.0,1602000000.0
constellationType5-svid37-azimuthDegrees,152128.0,279.4760596339924,34.57070812964092,192.0,266.0,287.0,304.0,326.0
constellationType5-svid37-elevationDegrees,152128.0,36.938288809423646,20.18476850440839,1.0,20.0,37.0,59.0,62.0
constellationType5-svid37-cn0DbHz,152128.0,32.93223863110404,7.902362423959645,0.0,28.899999618530273,34.29999923706055,38.29999923706055,45.400001525878906
constellationType5-svid37-basebandCn0DbHz,152128.0,29.50001708805862,7.629924148031021,0.0,25.399999618530273,30.799999237060547,34.79999923706055,41.900001525878906
constellationType5-svid37-carrierFrequencyHz,152128.0,1561097984.0,0.0,1561097984.0,1561097984.0,1561097984.0,1561097984.0,1561097984.0
constellationType6-svid24-azimuthDegrees,97084.0,304.32091796794526,93.33678040179666,0.0,169.0,358.0,359.0,359.0
constellationType6-svid24-elevationDegrees,97084.0,60.9767005891805,20.340545325295764,23.0,43.0,65.0,79.0,90.0
constellationType6-svid24-cn0DbHz,97084.0,26.71610975444285,16.18514755138327,0.0,0.0,35.0,38.29999923706055,42.5
constellationType6-svid24-basebandCn0DbHz,97084.0,24.130946385296102,14.677934875033946,0.0,0.0,31.5,34.79999923706055,39.0
constellationType6-svid24-carrierFrequencyHz,97084.0,1575420032.0,0.0,1575420032.0,1575420032.0,1575420032.0,1575420032.0,1575420032.0
constellationType6-svid5-azimuthDegrees,97084.0,220.69259610234437,13.684094055033567,204.0,208.0,218.0,232.0,248.0
constellationType6-svid5-elevationDegrees,97084.0,35.12766264265996,16.510061734326612,11.0,20.0,33.0,49.0,69.0
constellationType6-svid5-cn0DbHz,97084.0,16.55128136805318,18.134757605686815,0.0,0.0,0.0,36.400001525878906,43.70000076293945
constellationType6-svid5-basebandCn0DbHz,97084.0,14.939501868873487,16.413630853890144,0.0,0.0,0.0,32.900001525878906,40.20000076293945
constellationType6-svid5-carrierFrequencyHz,97084.0,1575420032.0,0.0,1575420032.0,1575420032.0,1575420032.0,1575420032.0,1575420032.0
constellationType6-svid34-azimuthDegrees,65414.0,245.00629834591984,14.476312549996878,221.0,232.25,245.0,258.0,270.0
constellationType6-svid34-elevationDegrees,65414.0,7.197786406579631,2.5579700288900953,1.0,6.0,8.0,9.0,10.0
constellationType6-svid34-cn0DbHz,65414.0,5.017403001243229,12.542277501434375,0.0,0.0,0.0,0.0,44.70000076293945
constellationType6-svid34-basebandCn0DbHz,65414.0,4.521408258190208,11.342559127601207,0.0,0.0,0.0,0.0,41.20000076293945
constellationType6-svid34-carrierFrequencyHz,65414.0,1575420032.0,0.0,1575420032.0,1575420032.0,1575420032.0,1575420032.0,1575420032.0
constellationType3-svid11-azimuthDegrees,197222.0,260.58841305736684,67.47264114388759,145.0,191.0,276.0,325.0,350.0
constellationType3-svid11-elevationDegrees,197222.0,45.97965744186754,19.344210498368152,1.0,32.0,49.0,56.0,79.0
constellationType3-svid11-cn0DbHz,197222.0,34.624243744274736,6.966995211562396,0.0,31.100000381469727,35.70000076293945,39.5,47.20000076293945
constellationType3-svid11-basebandCn0DbHz,197222.0,31.170171680534192,6.746643981675051,0.0,27.600000381469727,32.20000076293945,36.0,43.70000076293945
constellationType3-svid11-carrierFrequencyHz,197222.0,1602000000.0,0.0,1602000000.0,1602000000.0,1602000000.0,1602000000.0,1602000000.0
constellationType1-svid22-azimuthDegrees,170614.0,327.7218164980599,18.871117343528486,250.0,322.0,337.0,340.0,341.0
constellationType1-svid22-elevationDegrees,170614.0,39.65755447970272,23.483601951820614,1.0,19.0,39.0,61.0,78.0
constellationType1-svid22-cn0DbHz,170614.0,33.155819576676215,8.371946320978692,0.0,31.200000762939453,35.0,37.70000076293945,48.79999923706055
constellationType1-svid22-basebandCn0DbHz,170614.0,29.79437209251669,7.833742796280543,0.0,27.700000762939453,31.5,34.20000076293945,45.29999923706055
constellationType1-svid22-carrierFrequencyHz,170614.0,1575420032.0,0.0,1575420032.0,1575420032.0,1575420032.0,1575420032.0,1575420032.0
constellationType5-svid20-azimuthDegrees,78450.0,223.16772466539197,7.228778381641092,214.0,219.0,220.0,225.0,246.0
constellationType5-svid20-elevationDegrees,78450.0,25.281835564053537,16.424924861599337,1.0,10.0,25.0,40.0,53.0
constellationType5-svid20-cn0DbHz,78450.0,36.6169891662549,9.491748934478736,0.0,34.29999923706055,39.70000076293945,42.400001525878906,48.29999923706055
constellationType5-svid20-basebandCn0DbHz,78450.0,33.22558063037841,9.083440676819574,0.0,30.799999237060547,36.20000076293945,38.900001525878906,44.79999923706055
constellationType5-svid20-carrierFrequencyHz,78450.0,1561097984.0,0.0,1561097984.0,1561097984.0,1561097984.0,1561097984.0,1561097984.0
constellationType6-svid25-azimuthDegrees,70026.0,324.13594950446975,9.750417569554893,300.0,317.0,327.0,333.0,335.0
constellationType6-svid25-elevationDegrees,70026.0,25.481849598720476,14.420630344035386,1.0,13.0,26.0,38.0,50.0
constellationType6-svid25-cn0DbHz,70026.0,4.7049781541756515,11.294994616202073,0.0,0.0,0.0,0.0,41.400001525878906
constellationType6-svid25-basebandCn0DbHz,70026.0,4.1724759392140065,10.061446303164777,0.0,0.0,0.0,0.0,37.900001525878906
constellationType6-svid25-carrierFrequencyHz,70026.0,1575420032.0,0.0,1575420032.0,1575420032.0,1575420032.0,1575420032.0,1575420032.0
constellationType1-svid5-azimuthDegrees,138946.0,235.65268521583926,16.692997578227814,215.0,220.0,232.0,249.0,275.0
constellationType1-svid5-elevationDegrees,138946.0,21.614411354051214,9.853855148169975,1.0,14.0,25.0,31.0,32.0
constellationType1-svid5-cn0DbHz,138946.0,34.906477333880844,10.209452773523472,0.0,33.0,37.79999923706055,41.0,47.599998474121094
constellationType1-svid5-basebandCn0DbHz,138946.0,31.597011785139447,9.568784083436578,0.0,29.5,34.29999923706055,37.5,44.099998474121094
constellationType1-svid5-carrierFrequencyHz,138946.0,1575420032.0,0.0,1575420032.0,1575420032.0,1575420032.0,1575420032.0,1575420032.0
constellationType5-svid46-azimuthDegrees,56474.0,291.155292701066,12.587040525958665,267.0,281.0,292.0,302.0,310.0
constellationType5-svid46-elevationDegrees,56474.0,16.435846584268866,8.597132327659534,1.0,9.0,17.0,24.0,30.0
constellationType5-svid46-cn0DbHz,56474.0,0.0,0.0,0.0,0.0,0.0,0.0,0.0
constellationType5-svid46-basebandCn0DbHz,56474.0,0.0,0.0,0.0,0.0,0.0,0.0,0.0
constellationType5-svid46-carrierFrequencyHz,56474.0,1561097984.0,0.0,1561097984.0,1561097984.0,1561097984.0,1561097984.0,1561097984.0
constellationType1-svid13-azimuthDegrees,116374.0,223.99028992730334,8.123776626258923,212.0,217.0,223.0,231.0,240.0
constellationType1-svid13-elevationDegrees,116374.0,19.79478233969787,12.37290243500239,1.0,9.0,19.0,30.0,46.0
constellationType1-svid13-cn0DbHz,116374.0,35.46259645083464,9.676731147608365,0.0,32.599998474121094,37.70000076293945,41.70000076293945,47.70000076293945
constellationType1-svid13-basebandCn0DbHz,116374.0,32.11489850412251,9.129449355794637,0.0,29.100000381469727,34.20000076293945,38.20000076293945,44.20000076293945
constellationType1-svid13-carrierFrequencyHz,116374.0,1575420032.0,0.0,1575420032.0,1575420032.0,1575420032.0,1575420032.0,1575420032.0
constellationType3-svid1-azimuthDegrees,150008.0,224.57548930723695,45.29705570978413,194.0,201.0,209.0,216.0,352.0
constellationType3-svid1-elevationDegrees,150008.0,38.95633566209802,26.45753780298292,1.0,16.0,35.0,64.0,87.0
constellationType3-svid1-cn0DbHz,150008.0,32.46449789733392,9.232891020600407,0.0,30.5,35.20000076293945,37.900001525878906,44.79999923706055
constellationType3-svid1-basebandCn0DbHz,150008.0,29.141448450650504,8.622354492985664,0.0,27.0,31.700000762939453,34.400001525878906,41.29999923706055
constellationType3-svid1-carrierFrequencyHz,150008.0,1602000000.0,0.0,1602000000.0,1602000000.0,1602000000.0,1602000000.0,1602000000.0
constellationType3-svid12-azimuthDegrees,124638.0,291.45344116561563,32.926262793921275,210.0,275.0,299.0,316.0,334.0
constellationType3-svid12-elevationDegrees,124638.0,29.780532421893806,18.123405612969307,1.0,13.0,28.0,50.0,53.0
constellationType3-svid12-cn0DbHz,124638.0,28.853680250666454,7.571604281599473,0.0,25.600000381469727,30.0,33.79999923706055,47.099998474121094
constellationType3-svid12-basebandCn0DbHz,124638.0,25.46825205174679,7.148802685768722,0.0,22.100000381469727,26.5,30.299999237060547,43.599998474121094
constellationType3-svid12-carrierFrequencyHz,124638.0,1602000000.0,0.0,1602000000.0,1602000000.0,1602000000.0,1602000000.0,1602000000.0
constellationType6-svid3-azimuthDegrees,28416.0,219.62570382882882,17.428476282598936,0.0,221.0,223.0,225.0,228.0
constellationType6-svid3-elevationDegrees,28416.0,8.126407657657658,4.834687351220029,0.0,4.0,8.0,12.0,18.0
constellationType6-svid3-cn0DbHz,28416.0,10.57105151026904,15.524188201503199,0.0,0.0,0.0,29.299999237060547,42.5
constellationType6-svid3-basebandCn0DbHz,28416.0,9.42433839318183,13.926373348601423,0.0,0.0,0.0,25.799999237060547,39.0
constellationType6-svid3-carrierFrequencyHz,28416.0,1575420032.0,0.0,1575420032.0,1575420032.0,1575420032.0,1575420032.0,1575420032.0
constellationType1-svid15-azimuthDegrees,34892.0,221.32150636248997,0.4670613165432608,221.0,221.0,221.0,222.0,222.0
constellationType1-svid15-elevationDegrees,34892.0,7.476957468760747,4.205643843285452,1.0,4.0,7.0,11.0,16.0
constellationType1-svid15-cn0DbHz,34892.0,29.145993331068222,14.397841036521411,0.0,25.100000381469727,32.599998474121094,39.599998474121094,47.599998474121094
constellationType1-svid15-basebandCn0DbHz,34892.0,26.21334401918608,13.262306305611803,0.0,21.600000381469727,29.100000381469727,36.099998474121094,44.099998474121094
constellationType1-svid15-carrierFrequencyHz,34892.0,1575420032.0,0.0,1575420032.0,1575420032.0,1575420032.0,1575420032.0,1575420032.0
constellationType5-svid19-azimuthDegrees,13318.0,216.0226760774891,0.853069665071597,215.0,215.0,216.0,217.0,218.0
constellationType5-svid19-elevationDegrees,13318.0,5.0798918756570055,2.715669131243679,1.0,3.0,5.0,7.0,10.0
constellationType5-svid19-cn0DbHz,13318.0,28.859183043505556,13.210031693143351,0.0,21.5,29.799999237060547,40.5,48.099998474121094
constellationType5-svid19-basebandCn0DbHz,13318.0,25.718696486253535,12.445158997902375,0.0,18.0,26.299999237060547,37.0,44.599998474121094
constellationType5-svid19-carrierFrequencyHz,13318.0,1561097984.0,0.0,1561097984.0,1561097984.0,1561097984.0,1561097984.0,1561097984.0
constellationType6-svid2-azimuthDegrees,1956.0,313.32208588957053,0.5423666475208384,312.0,313.0,313.0,314.0,314.0
constellationType6-svid2-elevationDegrees,1956.0,1.3169734151329244,0.46541595543029907,1.0,1.0,1.0,2.0,2.0
constellationType6-svid2-cn0DbHz,1956.0,0.0,0.0,0.0,0.0,0.0,0.0,0.0
constellationType6-svid2-basebandCn0DbHz,1956.0,0.0,0.0,0.0,0.0,0.0,0.0,0.0
constellationType6-svid2-carrierFrequencyHz,1956.0,1575420032.0,0.0,1575420032.0,1575420032.0,1575420032.0,1575420032.0,1575420032.0
constellationType3-svid2-azimuthDegrees,52574.0,210.16278008140907,3.3830992180599786,206.0,208.0,209.0,212.0,222.0
constellationType3-svid2-elevationDegrees,52574.0,26.769201506448056,15.846457585313605,1.0,13.0,26.0,40.0,55.0
constellationType3-svid2-cn0DbHz,52574.0,36.36672500409074,8.417257452561685,0.0,33.52499961853027,38.5,41.599998474121094,48.099998474121094
constellationType3-svid2-basebandCn0DbHz,52574.0,32.946079812960654,8.083923160205757,0.0,30.02500009536743,35.0,38.099998474121094,44.599998474121094
constellationType3-svid2-carrierFrequencyHz,52574.0,1602000000.0,0.0,1602000000.0,1602000000.0,1602000000.0,1602000000.0,1602000000.0
constellationType5-svid18-azimuthDegrees,1708.0,0.0,0.0,0.0,0.0,0.0,0.0,0.0
constellationType5-svid18-elevationDegrees,1708.0,0.0,0.0,0.0,0.0,0.0,0.0,0.0
constellationType5-svid18-cn0DbHz,1708.0,23.013231868207875,3.0378900587159774,14.800000190734863,21.100000381469727,23.0,24.399999618530273,29.799999237060547
constellationType5-svid18-basebandCn0DbHz,1708.0,19.513231865974443,3.037890063691155,11.300000190734863,17.600000381469727,19.5,20.899999618530273,26.299999237060547
constellationType5-svid18-carrierFrequencyHz,1708.0,1561097984.0,0.0,1561097984.0,1561097984.0,1561097984.0,1561097984.0,1561097984.0
constellationType5-svid15-azimuthDegrees,662.0,0.0,0.0,0.0,0.0,0.0,0.0,0.0
constellationType5-svid15-elevationDegrees,662.0,0.0,0.0,0.0,0.0,0.0,0.0,0.0
constellationType5-svid15-cn0DbHz,662.0,23.52658614651314,3.0549411923358223,16.399999618530273,21.700000762939453,23.200000762939453,25.47499990463257,31.299999237060547
constellationType5-svid15-basebandCn0DbHz,662.0,20.02658614363195,3.054941198689429,12.899999618530273,18.200000762939453,19.700000762939453,21.97499990463257,27.799999237060547
constellationType5-svid15-carrierFrequencyHz,662.0,1561097984.0,0.0,1561097984.0,1561097984.0,1561097984.0,1561097984.0,1561097984.0
constellationType5-svid17-azimuthDegrees,574.0,0.0,0.0,0.0,0.0,0.0,0.0,0.0
constellationType5-svid17-elevationDegrees,574.0,0.0,0.0,0.0,0.0,0.0,0.0,0.0
constellationType5-svid17-cn0DbHz,574.0,28.0170731494651,0.49600968197277107,25.299999237060547,27.799999237060547,28.0,28.299999237060547,29.899999618530273
constellationType5-svid17-basebandCn0DbHz,574.0,24.5170731494651,0.49600968197277107,21.799999237060547,24.299999237060547,24.5,24.799999237060547,26.399999618530273
constellationType5-svid17-carrierFrequencyHz,574.0,1561097984.0,0.0,1561097984.0,1561097984.0,1561097984.0,1561097984.0,1561097984.0
constellationType5-svid31-azimuthDegrees,886.0,0.0,0.0,0.0,0.0,0.0,0.0,0.0
constellationType5-svid31-elevationDegrees,886.0,0.0,0.0,0.0,0.0,0.0,0.0,0.0
constellationType5-svid31-cn0DbHz,886.0,26.528668143141083,3.2213573581191635,16.5,25.949999809265137,28.0,28.5,30.799999237060547
constellationType5-svid31-basebandCn0DbHz,886.0,23.028668145293846,3.221357352613908,13.0,22.449999809265137,24.5,25.0,27.299999237060547
constellationType5-svid31-carrierFrequencyHz,886.0,1561097984.0,0.0,1561097984.0,1561097984.0,1561097984.0,1561097984.0,1561097984.0
constellationType2-svid136-azimuthDegrees,234628.0,74.93287246193975,2.242784137336454,0.0,75.0,75.0,75.0,75.0
constellationType2-svid136-elevationDegrees,234628.0,18.982994357024737,0.5681719814585684,0.0,19.0,19.0,19.0,19.0
constellationType2-svid136-cn0DbHz,234628.0,44.40578703309068,4.75630246271692,0.0,43.5,44.5,46.5,50.5
constellationType2-svid136-basebandCn0DbHz,234628.0,40.93547232214399,4.482077907314314,0.0,40.0,41.0,43.0,47.0
constellationType2-svid136-carrierFrequencyHz,234628.0,1575420032.0,0.0,1575420032.0,1575420032.0,1575420032.0,1575420032.0,1575420032.0
constellationType2-svid127-azimuthDegrees,12.0,0.0,0.0,0.0,0.0,0.0,0.0,0.0
constellationType2-svid127-elevationDegrees,12.0,0.0,0.0,0.0,0.0,0.0,0.0,0.0
constellationType2-svid127-cn0DbHz,12.0,0.0,0.0,0.0,0.0,0.0,0.0,0.0
constellationType2-svid127-basebandCn0DbHz,12.0,0.0,0.0,0.0,0.0,0.0,0.0,0.0
constellationType2-svid127-carrierFrequencyHz,12.0,1575420032.0,0.0,1575420032.0,1575420032.0,1575420032.0,1575420032.0,1575420032.0
constellationType2-svid126-azimuthDegrees,12.0,0.0,0.0,0.0,0.0,0.0,0.0,0.0
constellationType2-svid126-elevationDegrees,12.0,0.0,0.0,0.0,0.0,0.0,0.0,0.0
constellationType2-svid126-cn0DbHz,12.0,0.0,0.0,0.0,0.0,0.0,0.0,0.0
constellationType2-svid126-basebandCn0DbHz,12.0,0.0,0.0,0.0,0.0,0.0,0.0,0.0
constellationType2-svid126-carrierFrequencyHz,12.0,1575420032.0,0.0,1575420032.0,1575420032.0,1575420032.0,1575420032.0,1575420032.0
constellationType2-svid128-azimuthDegrees,12.0,0.0,0.0,0.0,0.0,0.0,0.0,0.0
constellationType2-svid128-elevationDegrees,12.0,0.0,0.0,0.0,0.0,0.0,0.0,0.0
constellationType2-svid128-cn0DbHz,12.0,0.0,0.0,0.0,0.0,0.0,0.0,0.0
constellationType2-svid128-basebandCn0DbHz,12.0,0.0,0.0,0.0,0.0,0.0,0.0,0.0
constellationType2-svid128-carrierFrequencyHz,12.0,1575420032.0,0.0,1575420032.0,1575420032.0,1575420032.0,1575420032.0,1575420032.0
constellationType2-svid132-azimuthDegrees,12.0,0.0,0.0,0.0,0.0,0.0,0.0,0.0
constellationType2-svid132-elevationDegrees,12.0,0.0,0.0,0.0,0.0,0.0,0.0,0.0
constellationType2-svid132-cn0DbHz,12.0,0.0,0.0,0.0,0.0,0.0,0.0,0.0
constellationType2-svid132-basebandCn0DbHz,12.0,0.0,0.0,0.0,0.0,0.0,0.0,0.0
constellationType2-svid132-carrierFrequencyHz,12.0,1575420032.0,0.0,1575420032.0,1575420032.0,1575420032.0,1575420032.0,1575420032.0
constellationType2-svid137-azimuthDegrees,12.0,0.0,0.0,0.0,0.0,0.0,0.0,0.0
constellationType2-svid137-elevationDegrees,12.0,0.0,0.0,0.0,0.0,0.0,0.0,0.0
constellationType2-svid137-cn0DbHz,12.0,0.0,0.0,0.0,0.0,0.0,0.0,0.0
constellationType2-svid137-basebandCn0DbHz,12.0,0.0,0.0,0.0,0.0,0.0,0.0,0.0
constellationType2-svid137-carrierFrequencyHz,12.0,1575420032.0,0.0,1575420032.0,1575420032.0,1575420032.0,1575420032.0,1575420032.0
constellationType2-svid122-azimuthDegrees,12.0,0.0,0.0,0.0,0.0,0.0,0.0,0.0
constellationType2-svid122-elevationDegrees,12.0,0.0,0.0,0.0,0.0,0.0,0.0,0.0
constellationType2-svid122-cn0DbHz,12.0,0.0,0.0,0.0,0.0,0.0,0.0,0.0
constellationType2-svid122-basebandCn0DbHz,12.0,0.0,0.0,0.0,0.0,0.0,0.0,0.0
constellationType2-svid122-carrierFrequencyHz,12.0,1575420032.0,0.0,1575420032.0,1575420032.0,1575420032.0,1575420032.0,1575420032.0
constellationType6-svid1-azimuthDegrees,4.0,0.0,0.0,0.0,0.0,0.0,0.0,0.0
constellationType6-svid1-elevationDegrees,4.0,0.0,0.0,0.0,0.0,0.0,0.0,0.0
constellationType6-svid1-cn0DbHz,4.0,37.250000953674316,8.256109510136596,30.100000381469727,30.100000381469727,37.250000953674316,44.400001525878906,44.400001525878906
constellationType6-svid1-basebandCn0DbHz,4.0,33.750000953674316,8.256109510136596,26.600000381469727,26.600000381469727,33.750000953674316,40.900001525878906,40.900001525878906
constellationType6-svid1-carrierFrequencyHz,4.0,1575420032.0,0.0,1575420032.0,1575420032.0,1575420032.0,1575420032.0,1575420032.0
constellationType5-svid44-azimuthDegrees,55626.0,15.127278610721605,1.2375464485562635,14.0,14.0,15.0,16.0,19.0
constellationType5-svid44-elevationDegrees,55626.0,23.62945385251501,14.259251160071036,1.0,11.0,23.0,36.0,50.0
constellationType5-svid44-cn0DbHz,55626.0,0.0,0.0,0.0,0.0,0.0,0.0,0.0
constellationType5-svid44-basebandCn0DbHz,55626.0,0.0,0.0,0.0,0.0,0.0,0.0,0.0
constellationType5-svid44-carrierFrequencyHz,55626.0,1561097984.0,0.0,1561097984.0,1561097984.0,1561097984.0,1561097984.0,1561097984.0
constellationType5-svid57-azimuthDegrees,59718.0,138.1430054589906,4.404195094498017,124.0,137.0,140.0,141.0,142.0
constellationType5-svid57-elevationDegrees,59718.0,23.115610033825646,13.252706841660082,1.0,11.0,23.0,35.0,46.0
constellationType5-svid57-cn0DbHz,59718.0,0.0,0.0,0.0,0.0,0.0,0.0,0.0
constellationType5-svid57-basebandCn0DbHz,59718.0,0.0,0.0,0.0,0.0,0.0,0.0,0.0
constellationType5-svid57-carrierFrequencyHz,59718.0,1561097984.0,0.0,1561097984.0,1561097984.0,1561097984.0,1561097984.0,1561097984.0
constellationType5-svid22-azimuthDegrees,33010.0,126.20805816419266,6.245716048930513,0.0,121.0,126.0,131.0,136.0
constellationType5-svid22-elevationDegrees,33010.0,8.992426537412905,5.211199179338529,0.0,4.0,9.0,13.0,19.0
constellationType5-svid22-cn0DbHz,33010.0,35.67212359039251,6.843381137058427,0.0,32.70000076293945,36.900001525878906,40.099998474121094,47.099998474121094
constellationType5-svid22-basebandCn0DbHz,33010.0,32.20329596107203,6.686999585667252,0.0,29.200000762939453,33.400001525878906,36.599998474121094,43.599998474121094
constellationType5-svid22-carrierFrequencyHz,33010.0,1561097984.0,0.0,1561097984.0,1561097984.0,1561097984.0,1561097984.0,1561097984.0
constellationType5-svid45-azimuthDegrees,87432.0,112.68977033580383,20.98087262919302,75.0,94.0,114.0,132.0,144.0
constellationType5-svid45-elevationDegrees,87432.0,12.186133223533718,4.324827267172225,1.0,9.0,13.0,16.0,17.0
constellationType5-svid45-cn0DbHz,87432.0,0.0,0.0,0.0,0.0,0.0,0.0,0.0
constellationType5-svid45-basebandCn0DbHz,87432.0,0.0,0.0,0.0,0.0,0.0,0.0,0.0
constellationType5-svid45-carrierFrequencyHz,87432.0,1561097984.0,0.0,1561097984.0,1561097984.0,1561097984.0,1561097984.0,1561097984.0
constellationType5-svid35-azimuthDegrees,6862.0,1.7528417371028855,7.160524543003917,0.0,0.0,0.0,0.0,31.0
constellationType5-svid35-elevationDegrees,6862.0,0.21626348003497523,0.9139531988753337,0.0,0.0,0.0,0.0,5.0
constellationType5-svid35-cn0DbHz,6862.0,36.638531030006156,8.472792525803003,0.0,31.299999237060547,38.20000076293945,42.77499961853027,50.79999923706055
constellationType5-svid35-basebandCn0DbHz,6862.0,33.16097347328455,8.379827795471751,0.0,27.799999237060547,34.70000076293945,39.27499961853027,47.29999923706055
constellationType5-svid35-carrierFrequencyHz,6862.0,1561097984.0,0.0,1561097984.0,1561097984.0,1561097984.0,1561097984.0,1561097984.0
constellationType6-svid7-azimuthDegrees,161794.0,152.5095244570256,66.32235100092511,64.0,93.0,148.0,181.0,324.0
constellationType6-svid7-elevationDegrees,161794.0,42.16509882937562,26.590066072296327,1.0,15.0,42.0,67.0,82.0
constellationType6-svid7-cn0DbHz,161794.0,23.98061979351753,18.693778867741717,0.0,0.0,35.79999923706055,39.400001525878906,47.70000076293945
constellationType6-svid7-basebandCn0DbHz,161794.0,21.785229354865095,17.022057297994902,0.0,0.0,32.29999923706055,35.900001525878906,44.20000076293945
constellationType6-svid7-carrierFrequencyHz,161794.0,1575420032.0,0.0,1575420032.0,1575420032.0,1575420032.0,1575420032.0,1575420032.0
constellationType6-svid13-azimuthDegrees,107156.0,42.86035313001605,32.06338246094449,16.0,18.0,28.0,58.0,131.0
constellationType6-svid13-elevationDegrees,107156.0,42.89482623464855,22.27611389494374,2.0,23.0,45.0,65.0,71.0
constellationType6-svid13-cn0DbHz,107156.0,17.314274512220504,19.585121406690543,0.0,0.0,0.0,39.20000076293945,46.70000076293945
constellationType6-svid13-basebandCn0DbHz,107156.0,15.774034112728591,17.85304581059468,0.0,0.0,0.0,35.70000076293945,43.20000076293945
constellationType6-svid13-carrierFrequencyHz,107156.0,1575420032.0,0.0,1575420032.0,1575420032.0,1575420032.0,1575420032.0,1575420032.0
constellationType6-svid8-azimuthDegrees,80098.0,136.39099602986343,7.1206622889725635,120.0,131.0,139.0,143.0,144.0
constellationType6-svid8-elevationDegrees,80098.0,22.534570151564335,14.470244530373245,1.0,9.0,21.0,35.0,50.0
constellationType6-svid8-cn0DbHz,80098.0,16.83047517991613,18.57566130734276,0.0,0.0,0.0,37.70000076293945,44.0
constellationType6-svid8-basebandCn0DbHz,80098.0,15.231708668915948,16.85516936344022,0.0,0.0,0.0,34.20000076293945,40.5
constellationType6-svid8-carrierFrequencyHz,80098.0,1575420032.0,0.0,1575420032.0,1575420032.0,1575420032.0,1575420032.0,1575420032.0
constellationType6-svid15-azimuthDegrees,46502.0,46.889768182013675,7.990851083098559,35.0,40.0,46.0,54.0,63.0
constellationType6-svid15-elevationDegrees,46502.0,15.294481957765257,8.230770510302937,1.0,8.0,16.0,23.0,29.0
constellationType6-svid15-cn0DbHz,46502.0,29.063081145117366,19.5227243290976,0.0,0.0,41.0,43.70000076293945,46.20000076293945
constellationType6-svid15-basebandCn0DbHz,46502.0,26.632153442303732,17.93302128329581,0.0,0.0,37.5,40.20000076293945,42.70000076293945
constellationType6-svid15-carrierFrequencyHz,46502.0,1575420032.0,0.0,1575420032.0,1575420032.0,1575420032.0,1575420032.0,1575420032.0
constellationType6-svid14-azimuthDegrees,2.0,0.0,0.0,0.0,0.0,0.0,0.0,0.0
constellationType6-svid14-elevationDegrees,2.0,0.0,0.0,0.0,0.0,0.0,0.0,0.0
constellationType6-svid14-cn0DbHz,2.0,31.600000381469727,0.0,31.600000381469727,31.600000381469727,31.600000381469727,31.600000381469727,31.600000381469727
constellationType6-svid14-basebandCn0DbHz,2.0,28.100000381469727,0.0,28.100000381469727,28.100000381469727,28.100000381469727,28.100000381469727,28.100000381469727
constellationType6-svid14-carrierFrequencyHz,2.0,1575420032.0,0.0,1575420032.0,1575420032.0,1575420032.0,1575420032.0,1575420032.0
constellationType6-svid27-azimuthDegrees,152286.0,92.5941320935608,45.502226025150065,22.0,45.0,110.0,138.0,142.0
constellationType6-svid27-elevationDegrees,152286.0,21.512719488331168,13.390734965732392,1.0,9.0,21.0,32.0,43.0
constellationType6-svid27-cn0DbHz,152286.0,7.757860865164045,15.289477378641765,0.0,0.0,0.0,0.0,45.099998474121094
constellationType6-svid27-basebandCn0DbHz,152286.0,7.029711197775347,13.884484603245832,0.0,0.0,0.0,0.0,41.599998474121094
constellationType6-svid27-carrierFrequencyHz,152286.0,1575420032.0,0.0,1575420032.0,1575420032.0,1575420032.0,1575420032.0,1575420032.0
constellationType6-svid30-azimuthDegrees,81070.0,101.98593807820401,24.20213328134036,0.0,82.0,98.0,114.0,145.0
constellationType6-svid30-elevationDegrees,81070.0,9.925718514863698,5.485894504010092,0.0,5.0,10.0,16.0,17.0
constellationType6-svid30-cn0DbHz,81070.0,8.433689405686673,15.706240995992406,0.0,0.0,0.0,0.0,48.099998474121094
constellationType6-svid30-basebandCn0DbHz,81070.0,7.633270015060145,14.258731327928592,0.0,0.0,0.0,0.0,44.599998474121094
constellationType6-svid30-carrierFrequencyHz,81070.0,1575420032.0,0.0,1575420032.0,1575420032.0,1575420032.0,1575420032.0,1575420032.0
constellationType3-svid24-azimuthDegrees,23342.0,238.0665752720418,7.340117211701407,0.0,232.0,238.0,244.0,250.0
constellationType3-svid24-elevationDegrees,23342.0,3.1317796247108216,1.0845465416842175,0.0,2.0,4.0,4.0,4.0
constellationType3-svid24-cn0DbHz,23342.0,21.718130402920046,12.462959818854756,0.0,17.200000762939453,24.200000762939453,31.100000381469727,44.099998474121094
constellationType3-svid24-basebandCn0DbHz,23342.0,18.931565412936955,11.239359803711004,0.0,13.699999809265137,20.700000762939453,27.600000381469727,40.599998474121094
constellationType3-svid24-carrierFrequencyHz,23342.0,1602000000.0,0.0,1602000000.0,1602000000.0,1602000000.0,1602000000.0,1602000000.0
constellationType3-svid13-azimuthDegrees,46232.0,295.4222183768818,13.67782571048043,269.0,284.0,297.0,307.0,316.0
constellationType3-svid13-elevationDegrees,46232.0,16.416854127011593,8.29891683672335,1.0,10.0,17.0,24.0,29.0
constellationType3-svid13-cn0DbHz,46232.0,13.496387789624437,10.088100011652603,0.0,0.0,18.5,21.100000381469727,30.700000762939453
constellationType3-svid13-basebandCn0DbHz,46232.0,11.206155913865036,8.478488392435992,0.0,0.0,15.0,17.600000381469727,27.200000762939453
constellationType3-svid13-carrierFrequencyHz,46232.0,1602000000.0,0.0,1602000000.0,1602000000.0,1602000000.0,1602000000.0,1602000000.0
constellationType6-svid23-azimuthDegrees,2.0,0.0,0.0,0.0,0.0,0.0,0.0,0.0
constellationType6-svid23-elevationDegrees,2.0,0.0,0.0,0.0,0.0,0.0,0.0,0.0
constellationType6-svid23-cn0DbHz,2.0,39.70000076293945,0.0,39.70000076293945,39.70000076293945,39.70000076293945,39.70000076293945,39.70000076293945
constellationType6-svid23-basebandCn0DbHz,2.0,36.20000076293945,0.0,36.20000076293945,36.20000076293945,36.20000076293945,36.20000076293945,36.20000076293945
constellationType6-svid23-carrierFrequencyHz,2.0,1575420032.0,0.0,1575420032.0,1575420032.0,1575420032.0,1575420032.0,1575420032.0
constellationType6-svid29-azimuthDegrees,2.0,0.0,0.0,0.0,0.0,0.0,0.0,0.0
constellationType6-svid29-elevationDegrees,2.0,0.0,0.0,0.0,0.0,0.0,0.0,0.0
constellationType6-svid29-cn0DbHz,2.0,30.100000381469727,0.0,30.100000381469727,30.100000381469727,30.100000381469727,30.100000381469727,30.100000381469727
constellationType6-svid29-basebandCn0DbHz,2.0,26.600000381469727,0.0,26.600000381469727,26.600000381469727,26.600000381469727,26.600000381469727,26.600000381469727
constellationType6-svid29-carrierFrequencyHz,2.0,1575420032.0,0.0,1575420032.0,1575420032.0,1575420032.0,1575420032.0,1575420032.0
erro_radial_m,419878.0,4.615832950253308,7.7211010832983344,0.25,1.971851921418036,3.2066493416025392,5.572297551279903,152.59159740955593
